{"data":{"testResults":[{"data":3168431,"index":1,"value":3168431,"startAngle":5.165943433863182,"endAngle":6.283185307179586,"padAngle":0,"path":"M-134.83430290069276,-65.72450655032898A150,150,0,0,1,-2.7554552980815446e-14,-150L0,0Z","fill":"#e41a1c","percentage":"17.8"},{"data":14650306,"index":0,"value":14650306,"startAngle":0,"endAngle":5.165943433863182,"padAngle":0,"path":"M9.184850993605149e-15,-150A150,150,0,1,1,-134.83430290069276,-65.72450655032898L0,0Z","fill":"#377eb8","percentage":"82.2"}],"totalTestResults":17818737}}
